id,poet_,poet,poem_hurigana,poem,kami_hira,simo_hira,poem_hira,poem_kr
0,왕인 (王仁),王仁,難波津にー咲さくやこの花ー冬ごもーりー <> 今をー春べとー咲やこのー花⸺,難波津にー咲さくやこの花ー冬ごもーりー <> 今をー春べとー咲やこのー花⸺,なにわずに　さくやこのはな　ふゆごもり,いまをはるべと　さくやこのはな,なにわずに さくやこのはな ふゆごもり いまをはるべと さくやこのはな,"나니와즈에 꽃이 피었구나! 겨울 동안 굳게 웅크리고 숨어 있다가, 지금이야말로 봄이라고 (환영하며) 꽃이 피었구나!"
1,덴지 천황 (天智天皇),天智天皇,秋(あき)の田(た)のーかりほの庵(いほ)のー苫(とま)を荒(あら)ーみー <> わがー衣手(ころもで)はー露(つゆ)にぬれーつつ,秋の田のーかりほの庵のー苫を荒ーみー <> わがー衣手はー露にぬれーつつ,あきのたの　かりほのいほの　とまをあらみ,わがころもでは　つゆにぬれつつ,あきのたの かりほのいほの とまをあらみ わがころもでは つゆにぬれつつ,"가을 들판에 세운 임시 초가집의 거친 돗자리 지붕 틈새로, 내 옷소매는 밤이슬에 계속 젖는구나. (→ 가을밤의 쓸쓸하고 고요한 정취)"
2,持統天皇 (じとうてんのう),持統天皇,春過(はるすぎ)てー夏来(なつき)にけ(らし)ー白妙(しろたえ)ーのー <> 衣(ころも)ーほ(すてふ)ー天(あま)の香具山(かぐやま),春過ぎてー夏来にけらしー白妙ーのー <> 衣ーほすちょー天の香具山,はるすぎて　なつきにけらし　しろたへの,ころもほすてふ　あまのかぐやま,はるすぎて なつきにけらし しろたへの ころもほすてふ あまのかぐやま,봄이 지나고 여름이 왔구나. (하얗게 빛나는) 옷을 말린다는 아마노카구야마에. (→ 여름의 도래와 함께 맑게 갠 날씨와 산의 모습)
3,카키노모토노 히토마로 (柿本人麻呂),柿本人麻呂,あしびき(の)ー山鳥(やまとり)の尾(お)のーしだ(りお)ーのー <> なが(なが)しー夜(よ)をーひと(り)か(も)ー寝(ね)むん,あしびきのー山鳥の尾のーしだり尾ーのー <> ながながしー夜をーひとかもー寝ん,あしびきの　やまどりのをの　しだりをの,ながながしよを　ひとりかもねむ,あしびきの やまどりのをの しだりをの ながながしよを ひとりかもねむ,발을 끌며 걷는 꿩의 꼬리처럼 길게 늘어진 이 긴긴 밤을 나 홀로 쓸쓸히 잠드는구나. (→ 임을 그리워하는 쓸쓸한 마음을 긴 밤에 빗댐)
4,야마베노 아카히토 (山部赤人),山部赤人,田子(たご)の浦(うら)にーうち出(い)でて見(み)ればー白妙(しろたえ)ーのー <> 富士(ふじ)の高嶺(たかね)にー雪(ゆき)は(わ)ふりーつ(つ),田子の浦にーうち出でて見ればー白妙ーのー <> 富士の高嶺にー雪はふりーつつ,たごのうらに　うちいでてみれば　しろたへの,ふじのたかねに　ゆきはふりつつ,たごのうらに うちいでてみれば しろたへの ふじのたかねに ゆきはふりつつ,"타고노우라(田子の浦) 바닷가에 나가 바라보니, 하얗게 빛나는 후지산의 높은 봉우리에 눈이 내리고 있구나. (→ 웅장하고 아름다운 후지산의 설경)"
5,猿丸大夫 (さるまるのたゆう),猿丸大夫,奥山(おくやま)にーもみぢ(ぢ)踏(ふ)み分(わ)けー鳴(な)く鹿(しか)ーのー <> 声(こえ)聞(き)くと(き)ぞー秋(あき)は(わ)悲(かな)ーし(き),奥山にーもみぢ踏み分けー鳴く鹿ーのー <> 声ー聞くときぞー秋は悲ーしき,おくやまに　もみぢふみわけ　なくしかの,こゑきくときぞ　あきはかなしき,おくやまに もみぢふみわけ なくしかの こゑきくときぞ あきはかなしき,깊은 산에 단풍을 밟고 헤치며 우는 사슴의 울음소리를 들을 때야말로 가을은 더욱 슬프구나. (→ 가을의 깊은 고독과 정취)
6,大伴家持 (おおとものやかもち),大伴家持,かささぎ(の)ー渡(わた)せる橋(はし)にーお(く)霜(しも)ーのー <> 白(しろ)きをー見(み)ればー夜(よ)ぞふ(けに)ーけ(る),かささぎのー渡せる橋にーおく霜ーのー <> 白きをー見ればー夜ぞふけにーけり,かささぎの　わたせるはしに　おくしもの,しろきをみれば　よぞふけにける,かささぎの わたせるはしに おくしもの しろきをみれば よぞふけにける,"까치들이 놓았다는 오작교(궁중의 계단) 위에 내린 서리가 하얀 것을 보니, 밤이 깊었구나. (→ 궁궐의 고요하고 깊은 밤 풍경)"
7,아베노 나카마로 (安倍仲麻呂),安倍仲麻呂,天(あま)の原(はら)ーふりさけ見(み)ればー春日(かすが)ーなるー <> 三笠(みかさ)の山(やま)にー出(い)でし月(つき)ーか(も),天の原ーふりさけ見ればー春日ーなるー <> 三笠の山にー出でし月ーかも,あまのはら　ふりさけみれば　かすがなる,みかさのやまに　いでしつきかも,あまのはら ふりさけみれば かすがなる みかさのやまに いでしつきかも,"하늘을 멀리 바라보니, (아득한 옛날) 가스가노(春日野)의 미카사산(三笠山)에서 떴던 바로 그 달이로구나! (→ 당나라에서 고국 일본을 그리워하는 노래)"
8,키센 법사 (喜撰法師),喜撰法師,わが庵(いお)は(わ)ー都(みやこ)のたつみーしか(ぞ)ーす(む)ー <> 世(よ)をーうぢ(じ)山(やま)とー人(ひと)は(わ)い(ゆふ)ーな(り),わが庵はー都のたつみーしかぞーすむー <> 世をーうぢ山とー人はゆーなり,わがいほは　みやこのたつみ　しかぞすむ,よをうぢやまと　ひとはいふなり,わがいほは みやこのたつみ しかぞすむ よをうぢやまと ひとはいふなり,내 오두막은 도읍의 동남쪽에 이렇게 살고 있다. 사람들은 (내가 사는 곳을) 속세를 벗어난 곳이라고 말하는구나. (→ 은거 생활의 소박함을 읊음)
9,小野小町 (おののこまち),小野小町,花(はな)の色(いろ)は(わ)ーうつり(にけり)なーいたづらーにー <> わが身(み)ー世(よ)にふ(る)ーながめ(せ)しーま(に),花の色はーうつりにけりなーいたづらーにー <> わが身ー世にふるーながめせしーまに,はなのいろは　うつりにけりな　いたづらに,わがみよにふる　ながめせしまに,はなのいろは うつりにけりな いたづらに わがみよにふる ながめせしまに,꽃의 색깔은 덧없이 시들어 버렸구나. 헛되이 세월이 흘러 내가 세상에 있는 동안 내리는 비(나 슬픔)를 맞고 있는 사이에. (→ 자신의 덧없는 아름다움과 세월의 흐름에 대한 탄식)
10,蝉丸 (せみまる),蝉丸,これ(や)こ(の)ー行(ゆく)も帰(かえ)る(も)ー別(わか)れ(て)ーは(わ)ー <> 知(し)る(も)ー知(し)ら(ぬ)もー逢坂(おさか)のー関(せき),これやこのー行くも帰るもー別れてーはー <> 知るもー知らぬもー逢坂のー関,これやこの　いくもかへるもわかれては,しるもしらぬも　あふさかのせき,これやこの いくもかへるもわかれては しるもしらぬも あふさかのせき,"이곳이 바로 그 곳인가, 가고 돌아오는 사람들은 헤어지고, 알건 모르건 서로 만나는 오사카 관문(逢坂の関)이! (→ 만남과 헤어짐의 장소인 관문에 대한 감회)"
11,오노노 타카무라 (小野篁),小野篁,わた(の)原(はら)八十島(やそしま)か(け)てー漕(こぎ)出(いで)ぬーとー <> 人(ひと)には(わ)告(つげ)よーあまのつ(り)ー舟(ぶね),わたの原八十島かてー漕ぎ出ぬーとー <> 人には告げよーあまのつりー舟,わたのはら　やそしまかけて　こぎいでぬと,ひとにはつげよ　あまのつりぶね,わたのはら やそしまかけて こぎいでぬと ひとにはつげよ あまのつりぶね,"(내가 지금 바다를 건너) 넓은 바다 팔십여 섬을 향해 노 저어 간다고 (도읍에 있는) 사람들에게 전해라, 이 어부의 배야! (→ 귀양길에 오르는 외로운 심정)"
12,승정 헨조 (僧正遍昭),僧正遍昭,天(あま)つ風(かぜ)ー雲(くも)の通(かよ)い路(じ)ー吹(ふ)き閉(とぢ)ーよー <> をと(め)のー姿(す)たーし(ば)しとどーめ(むん),天つ風ー雲の通い路ー吹き閉ぢーよー <> をとのー姿ーしばしとどーめん,あまつかぜ　くものかよひぢ　ふきとぢよ,をとめのすがた　しばしとどめむ,あまつかぜ くものかよひぢ ふきとぢよ をとめのすがた しばしとどめむ,"하늘의 바람이여, 구름이 다니는 길을 불어서 막아다오. (하늘에서 춤추는) 무희(天女)의 모습을 잠시나마 붙잡아 두고 싶으니. (→ 하늘의 무희(五節舞)를 기리는 아름다운 광경)"
13,陽成院 (ようぜいいん),陽成院,つく(ばね)のー峰(みね)よ(り)おつ(る)ーみな(のがわ)ー <> こ(ひい)ぞーつも(り)てー淵(ふち)と(な)りーぬ(る),つくばねのー峰よりおつるーみなのー川 <> こいぞーつもりてー淵となりーぬる,つくばねの　みねよりおつる　みなのがは,こひぞつもりて　ふちとなりぬる,つくばねの みねよりおつる みなのがは こひぞつもりて ふちとなりぬる,"쓰쿠바네 산 봉우리에서 흘러내리는 미나노가와(男女川)의 물줄기처럼, 나의 사랑(思ひ)이 쌓여 깊은 소(淵)가 되었구나. (→ 깊어진 사랑의 마음을 계곡물에 비유)"
14,河原左大臣 (かわらのさだいじん),河原左大臣,みちの(く)のーし(のぶ)もぢずりー誰(たれ)ゆえ(え)ーにー <> 乱(みだ)れ(そ)め(に)しーわ(れ)な(ら)ーな(く)に,みちのくのーしのぶもぢずりー誰ゆえーにー <> 乱れそめしーわれならーなくに,みちのくの　しのぶもぢずり　たれゆゑに,みだれそめにし　われならなくに,みちのくの しのぶもぢずり たれゆゑに みだれそめにし われならなくに,"미치노쿠(陸奥)의 시노부모지즈리(忍ぶもぢずり, 헝클어진 무늬 염색)처럼, 누구 때문에 이렇게 내 마음이 흐트러지기 시작했는가? 나 때문이 아닌데! (→ 다른 사람의 소문 때문에 마음이 혼란스러워진 상황)"
15,光孝天皇 (こうこうてんのう),光孝天皇,君(きみ)が(た)め春(はる)の野(の)に出(いで)てー若菜(わかな)ーつ(む)ー <> わがー衣手(ころもで)にー雪(ゆき)は(わ)降(ふ)りーつ(つ),君がため春の野に出てー若菜ーつむー <> わがー衣手にー雪はふりーつつ,きみがため　はるののにいでて　わかなつむ,わがころもでに　ゆきはふりつつ,きみがため はるののにいでて わかなつむ わがころもでに ゆきはふりつつ,"당신을 위해 봄 들판에 나가 나물을 뜯는데, 내 옷소매에는 아직 눈이 내리고 있구나. (→ 임을 향한 정성 어린 마음)"
16,中納言行平 (ちゅうなごんゆきひら),中納言行平,立(た)ち別(わか)れーいなばの山(やま)のー峰(みね)に生(おふ)ーるー <> ま(つと)しー聞(きか)ばーいま帰(かえ)りーこ(むん),立ち別れーいなばの山のー峰に生るー <> まつとしー聞かばーいま帰りーこん,たちわかれ　いなばのやまの　みねにおふる,まつとしきかば　いまかへりこむ,たちわかれ いなばのやまの みねにおふる まつとしきかば いまかへりこむ,"(당신과) 떠나 헤어지지만, 이나바산(因幡山) 봉우리에 돋아나는 소나무(松)처럼, (나를) 기다린다고(待つ) 듣는다면 지금 바로 돌아오겠습니다. (→ 이별의 아쉬움과 다시 만날 약속, 말장난 이용)"
17,在原業平朝臣 (ありわらのなりひらあそん),在原業平朝臣,ちは(やぶ)るー神代(かみよ)も(きか)ずー竜田(たつた)ー川(がわ)ー <> か(ら)ーくれない(に)ー水(みず)く(く)るーと(は),ちはやぶるー神代も聞かずー竜田ー川ー <> からーくれないにー水くくるーとは,ちはやぶる　かみよもきかず　たつたがは,からくれなゐに　みづくくるとは,ちはやぶる かみよもきかず たつたがは からくれなゐに みづくくるとは,신비로운 신의 시대에도 듣지 못했다. 다쓰타가와(竜田川)가 이처럼 짙은 다홍색으로 물이 잠기다니! (→ 가을 단풍이 강물에 비쳐 장관을 이룬 모습)
18,藤原敏行朝臣 (ふじわらのとしゆきあそん),藤原敏行朝臣,住(す)みの江(え)のー岸(きし)に寄(よ)る波(なみ)ーよ(るさへえ)ーやー <> 夢(ゆめ)のーかよ(ひい)路(じ)ー人目(ひとめ)避(よ)くーら(むん),住みの江のー岸に寄る波ーよるさへえーやー <> 夢のーかよ路ー人目避くーらん,すみのえの　きしによるなみ　よるさへや,ゆめのかよひぢ　ひとめよくらむ,すみのえの きしによるなみ よるさへや ゆめのかよひぢ ひとめよくらむ,"스미노에(住之江) 해변에 밀려오는 밤 물결처럼, 밤에 꾸는 꿈속의 길조차도 남의 눈을 피하는 것일까? (→ 꿈에서조차 임을 만날 수 없는 애절함)"
19,이사 (伊勢),伊勢,難波潟(なにわがた)ー短(みじか)き芦(あし)のー節(ふし)の間(ま)ーもー <> 逢(あ)は(わ)でーこの世(よ)をー過(す)ぐ(し)て(よ)ーと(や),難波潟ー短き芦のー節の間ーもー <> 逢はでーこの世をー過ぐしてよーとや,なにはがた　みじかきあしの　ふしのまも,あはでこのよを　すぐしてよとや,なにはがた みじかきあしの ふしのまも あはでこのよを すぐしてよとや,"나니와가타(難波潟)의 짧은 갈대(葦) 마디처럼, 아주 잠깐 동안도 만나지 못하고 이 세상을 끝내라는 것인가? (→ 임을 만나지 못하는 안타까움, ‘마디(節)’, ‘짧은 시간’의 의미를 이용)"
20,모토요시 친왕 (元良親王),元良親王,わび(ぬ)れ(ば)ーいま(はた)おなじー難波(なにわ)ーなるー <> 身(み)をーつ(くし)てもーあ(は)む(わ)んと(ぞ)ー思(おも)ふ,わびぬればーいまはたおなじー難波ーなるー <> 身をつくしてもーあむんとぞー思う,わびぬれば　いまはたおなじ　なにはなる,みをつくしても　あはむとぞおもふ,わびぬれば いまはたおなじ なにはなる みをつくしても あはむとぞおもふ,"(사랑의 고통에) 괴로워했으니, 이제 와서는 마찬가지다. 나니와에 있는 (배의) 미오쓰쿠시(澪標)처럼, 내 몸이 망가져도(身を尽くしても) 임을 만나리라 생각한다. (→ 사랑의 고통과 결의, 말장난 이용)"
21,素性法師 (そせいほうし),素性法師,今(いま)来(こ)むんとーい(ひ)ーし(ば)かり(に)ー長月(ながつき)ーのー <> 有明(ありあけ)の月(つき)をー待(ま)ち出(いで)つ(る)ーか(な),今来むんとーいいーしーばかりにー長月ーのー <> 有明の月をー待ち出でつるーかな,いまこむと　いひしばかりに　ながつきの,ありあけのつきを　まちいでつるかな,いまこむと いひしばかりに ながつきの ありあけのつきを まちいでつるかな,"지금 가겠다'고 말만 믿고 기다렸는데, 구월 밤의 새벽 달을 뜰 때까지 기다리고 말았구나! (→ 임을 기다리다 밤을 꼬박 새운 허탈함)"
22,文屋康秀 (ふんやのやすひで),文屋康秀,吹(ふ)くか(ら)にー秋(あき)の草木(くさき)のーしを(る)れーばー <> む(べ)ー山風(やまかぜ)をー嵐(あらし)とい(ゆふ)ーら(むん),吹くからにー秋の草木のーしをるれーばー <> むべー山風をー嵐とゆうーらん,ふくからに　あきのくさきの　しをるれば,むべやまかぜを　あらしといふらむ,ふくからに あきのくさきの しをるれば むべやまかぜを あらしといふらむ,"(이 바람이) 불자마자 가을의 풀과 나무들이 시들어 버리니, 과연 산바람을 '아라시(嵐, 거친 바람)'라고 부를 만하구나. (→ 가을바람의 강렬함을 묘사)"
23,大江千里 (おおえのちさと),大江千里,月(つき)見(み)れ(ば)ーちぢ(ぢ)に物(もの)こ(そ)ー悲(かな)し(け)ーれー <> わが身(み)ーひと(つ)のー秋(あき)には(わ)あ(ら)ーね(ど),月見ればーちぢに物こそー悲しけーれー <> わが身ーひとつのー秋にはあらーねど,つきみれば　ちぢにものこそ　かなしけれ,わがみひとつの　あきにはあらねど,つきみれば ちぢにものこそ かなしけれ わがみひとつの あきにはあらねど,달을 바라보니 천 가지 만 가지로 슬퍼지는구나. 이 가을이 나 한 사람만을 위한 가을은 아닐지라도. (→ 가을밤의 달을 보며 느끼는 보편적인 슬픔)
24,菅家 (かんけ),菅家,この度(たび)は(わ)ーぬ(さも)とり(あえ)えずー手向(たむけ)ー山(やま)ー <> もみぢ(ぢ)のー錦(にしき)ー神(かみ)のまにーまに,この度はーぬさもとりあえずー手向ー山ー <> もみぢのー錦ー神のまにーまに,このたびは　ぬさもとりあへず　たむけやま,もみぢのにしき　かみのまにまに,このたびは ぬさもとりあへず たむけやま もみぢのにしき かみのまにまに,"이번 여행길에는 노자(幣, 누사)조차 미처 준비하지 못했지만, 타무케야마(手向山)의 단풍 비단(錦)을 신령님께 드리는 대로 (받아주십시오). (→ 유배길의 마음을 담은 노래)"
25,산기 히토시 (三条左大臣),三条左大臣,なに(し)おは(わ)ばー逢坂山(おさかやま)のーさね(かづら)ー <> 人(ひと)に知(し)ら(れ)でーく(るよ)しーもがな,なにしおはばー逢坂山のーさねかずーらー <> 人に知らでーくるよしーもがな,なにしおはば　あふさかやまの　さねかづら,ひとにしられで　くるよしもがな,なにしおはば あふさかやまの さねかづら ひとにしられで くるよしもがな,"이름으로 보아 오사카산(逢坂山)의 사네카즈라(葎, 칡덩굴)처럼, 남에게 알려지지 않고 (당신에게) 찾아갈 방법이 있었으면 좋으련만. (→ 숨겨진 사랑을 고백하며, 몰래 만날 방법을 소망)"
26,후지와라노 타다히라 (藤原忠平),藤原忠平,小倉山(おぐらやま)ー峰(みね)のもみぢ(ぢ)葉(ば)ー心(こころ)あ(ら)ーばー <> いまーひとたびのーみゆ(き)待(また)ーな(むん),小倉山ー峰のもみぢ葉ー心あーばー <> いまーひとたびのーみゆ待ーなん,をぐらやま　みねのもみぢば　こころあらば,いまひとたびの　みゆきまたなむ,をぐらやま みねのもみぢば こころあらば いまひとたびの みゆきまたなむ,"오구라야마(小倉山) 봉우리의 단풍잎이 마음이 있다면, 지금 한 번 더 임금님의 행차를 기다려다오. (→ 단풍의 아름다움을 더 보고 싶어 함)"
27,中納言兼輔 (ちゅうなごんかねすけ),中納言兼輔,みか(の)原(はら)ーわ(き)て流(なが)る(る)るーいづみ(がわ)ー <> い(つみ)き(と)て(か)ー恋(こひ)し(かる)ーら(むん),みかの原ーわきて流るるーいづみー川ー <> いつー見きとてかー恋しかるーらん,みかのはら　わきてながるる　いづみがは,いつみきとてか　こひしかるらむ,みかのはら わきてながるる いづみがは いつみきとてか こひしかるらむ,"미카노하라(三毳野)를 가르며 흐르는 이즈미가와(泉川)처럼, 언제(いつ) 보았다고 이렇게 그리운(恋し) 것일까? (→ 임을 본 지 오래되지 않았는데도 깊어지는 그리움)"
28,源宗于朝臣 (みなもとのむねゆきあそん),源宗于朝臣,山里(やまざと)は(わ)ー冬(ふゆ)ぞさびし(さ)ーま(さ)りーけ(る)ー <> 人目(ひとめ)もー草(くさ)もーか(れ)ぬ(と)思(おも)ーへ(ば),山里はー冬ぞさびしさーまさりーけるー <> 人目もー草もーかれぬと思ーへば,やまざとは　ふゆぞさびしさ　まさりける,ひとめもくさも　かれぬとおもへば,やまざとは ふゆぞさびしさ まさりける ひとめもくさも かれぬとおもへば,"산골 마을은 겨울에 외로움이 더해지는구나. 사람들의 발길도, 풀도 모두 시들어 버렸다고 생각하니. (→ 겨울 산골 마을의 고독함)"
29,凡河内躬恒 (おおしこうちのみつね),凡河内躬恒,心(こころ)あ(て)にー折(おら)ばや折(おら)むんー初霜(はつしもしら)ーのー <> お(き)ーま(どは)せるー白菊(しらぎく)のー花(はな),心あてにー折ばや折んー初霜ーのー <> おきーまどはせるー白菊のー花,こころあてに　をらばやをらむ　はつしもの,おきまどはせる　しらぎくのはな,こころあてに をらばやをらむ はつしもの おきまどはせる しらぎくのはな,짐작으로 꺾을 수 있을까 꺾어보련다. 첫 서리가 내려 길을 잃게 만든 흰 국화꽃을. (→ 서리 때문에 색이 구별되지 않는 흰 국화의 아름다움)
30,미부노 타다미네 (壬生忠岑),壬生忠岑,有明(ありあけ)のーつれなく見えしー別(わか)れーよ(り)ー <> あかつ(き)ーば(か)りー憂(う)きものは(わ)ーな(し),有明のーつれなく見えしー別れーよりー <> あかつきーばかりー憂きものはーなし,ありあけの　つれなくみえし　わかれより,あかつきばかり　うきものはなし,ありあけの つれなくみえし わかれより あかつきばかり うきものはなし,"새벽 달처럼 차갑게 대하던 이와의 이별 후로는, 새벽만큼 괴로운 것은 없구나. (→ 임과 이별한 새벽의 고통)"
31,오시코치노 미츠네 (凡河内躬恒),凡河内躬恒,朝(あさぼ)ら(け)ー有明(ありあけ)の月(つき)とー見(み)る(ま)でーにー <> 吉野(よしの)のー里(さと)にー降(ふ)れる白(しら)ー雪(ゆき),朝ぼらけ有明の月とー見るまでーにー <> 吉野のー里にー降れる白ー雪,あさぼらけ　ありあけのつきと　みるまでに,よしののさとに　ふれるしらゆき,あさぼらけ ありあけのつきと みるまでに よしののさとに ふれるしらゆき,"새벽 무렵, (그 빛이) 새벽 달(有明の月)인가 하고 볼 정도로, 요시노(吉野) 마을에 내린 하얀 눈이로구나. (→ 새벽 눈이 달빛처럼 밝게 빛나는 아름다운 풍경)"
32,春道列樹 (はるみちのつらき),春道列樹,山川(やまがわ)にー風(かぜ)のか(け)た(る)ーしが(ら)みーは(わ)ー <> 流(なが)れ(も)ーあ(へえ)ぬーもみぢ(ぢ)な(り)ーけ(り),山川にー風のかけたるーしがらみーはー <> 流れもーあえぬーもみぢなりーけり,やまがはに　かぜのかけたる　しがらみは,ながれもあへぬ　もみぢなりけり,やまがはに かぜのかけたる しがらみは ながれもあへぬ もみぢなりけり,"산골 시냇물에 바람이 걸쳐놓은 울타리는, 흘러내리지 못하고 쌓인 단풍잎이었구나. (→ 가을 단풍이 강물을 막아 만든 절경)"
33,紀友則 (きのとものり),紀友則,ひ(さか)た(の)ー光(ひか)り(の)ど(けき)ー春(はる)の日(ひ)ーにー <> しづ(ず)心(ごころ)ーな(く)ー花(はな)の散(ちる)ーら(むん),ひさかたのー光りのどけきー春の日ーにー <> しづ心ーなくー花の散るーらん,ひさかたの　ひかりのどけき　はるのひに,しづこころなく　はなのちるらむ,ひさかたの ひかりのどけき はるのひに しづこころなく はなのちるらむ,"오랜만이다. 빛이 한가로운 이 봄날에, 왜 꽃은 이토록 마음 편할 새 없이 지는 것일까? (→ 평화로운 봄날에 덧없이 지는 꽃에 대한 안타까움)"
34,藤原興風 (ふじわらのおきかぜ),藤原興風,誰(たれ)を(か)もー知(し)る人(ひと)にせ(むん)ー高砂(たかさご)ーのー <> 松(まつ)もー昔(むかし)のー友(とも)な(ら)ーな(く)に,誰をかもー知る人にせんー高砂ーのー <> 松もー昔のー友ならーなくに,たれをかも　しるひとにせむ　たかさごの,まつもむかしの　ともならなくに,たれをかも しるひとにせむ たかさごの まつもむかしの ともならなくに,누구를 친구로 삼아야 할까? 다카사고(高砂)의 소나무(松)조차도 옛 친구가 아니게 되었는데. (→ 세월의 흐름과 함께 곁에 남은 친구가 없는 쓸쓸함)
35,紀貫之 (きのつらゆき),紀貫之,人(ひと)は(わ)い(さ)ー心(こころ)も(しら)ずーふるさとーは(わ)ー <> 花(はな)ぞー昔(むかし)のー香(か)に(にほ)い(い)ーけ(る),人はいさー心もしらずーふるさとーはー <> 花ぞー昔のー香ににほいーける,ひとはいさ　こころもしらず　ふるさとは,はなぞむかしの　かににほひける,ひとはいさ こころもしらず ふるさとは はなぞむかしの かににほひける,"사람의 마음은 알 수 없다지만, 고향 마을의 꽃만큼은 예전과 똑같은 향기를 풍기는구나. (→ 변치 않는 자연의 아름다움과 대비되는 인간의 변덕)"
36,清原深養父 (きよはらのふかやぶ),清原深養父,夏(なつ)の夜(よ)は(わ)ーまだ宵(よい)ながらー明(あ)け(ぬ)るーをー <> 雲(くも)のーいづ(ずこ)にー月(つき)宿(やど)るーら(むん),夏の夜はーまだ宵ながらー明けぬるーをー <> 雲のーいづこにー月宿るーらん,なつのよは　まだよひながら　あけぬるを,くものいづこに　つきやどるらむ,なつのよは まだよひながら あけぬるを くものいづこに つきやどるらむ,"여름밤은 아직 초저녁인 듯한데 벌써 새어 버렸으니, 달은 구름 속 어디에 잠들어(宿る) 있을까? (→ 짧은 여름밤의 아쉬움과 달의 신비함)"
37,文屋朝康 (ふんやのあさやす),文屋朝康,白露(しらつゆ)にー風(かぜ)の吹(ふ)き(し)くー秋(あき)の野(の)ーは(わ)ー <> つらぬ(き)ーと(め)ぬー玉(たま)ぞ散(ち)りーけ(る),白露にー風の吹きしくー秋の野ーはー <> つらぬきーとめぬー玉ぞ散りーける,しらつゆに　かぜのふきしく　あきののの,つらぬきとめぬ　たまぞちりける,しらつゆに かぜのふきしく あきののの つらぬきとめぬ たまぞちりける,"흰 이슬에 바람이 끊임없이 불어 덮이는 가을 들판의, (실에) 꿰어 매어 두지 못한 구슬(이슬방울)이 흩날리는구나. (→ 이슬에 비유한 가을 정취의 묘사)"
38,우콘 (右近),右近,忘(わす)ら(る)るー身(み)を(ば)思(おも)は(わ)ずー誓(ちか)い(い)てーしー <> 人(ひと)のー命(いのち)のー惜(お)しく(も)あ(る)ーか(な),忘れー身を思わずー誓いてしー <> 人のー命のー惜しくもあーかな,わすらるる　みをばおもはず　ちかひてし,ひとのいのちの　をしもあるかな,わすらるる みをばおもはず ちかひてし ひとのいのちの をしもあるかな,"(그대에게) 잊힌 내 몸이야 생각하지 않지만, (나를 잊지 않겠다고) 맹세한 그 사람의 목숨이 아깝구나. (→ 맹세를 어긴 임에게 벌이 내려질까 걱정하는 마음)"
39,산기 히토시 (三条左大臣),三条左大臣,浅茅生(あさぢう)のー小野(おの)の篠原(しのはら)ーし(の)ぶ(れ)ーどー <> あま(り)てーな(ど)かー人(ひと)の恋(こひ)ーし(き),浅茅生のー小野の篠原ーしのぶれーどー <> あまりてーなどかー人の恋しき,あさぢふの　をののしのはら　しのぶれど,あまりてなどか　ひとのこひしき,あさぢふの をののしのはら しのぶれど あまりてなどか ひとのこひしき,"억새풀 우거진 들판의 조릿대(しの)처럼, 숨기려 하지만(忍ぶれど) 너무나도 임이 그리운 것은 어찌 된 일일까? (→ 숨길 수 없는 깊은 사랑의 그리움)"
40,平兼盛 (たいらのかねもり),平兼盛,しの(ぶ)れ(ど)ー色(いろ)に出(いで)にけ(り)ーわが恋(こひ)ーは(わ)ー <> 物(もの)やー思(おも)ふーとー人(ひと)のと(ふ)ーま(で),しのぶれどー色に出でにけりーわが恋はー <> 物やー思うーとー人のとうーまで,しのぶれど　いろにいでにけり　わがこひは,ものやおもふと　ひとのとふまで,しのぶれど いろにいでにけり わがこひは ものやおもふと ひとのとふまで,"숨기려 했지만, 결국 얼굴빛에 드러나고 말았구나, 나의 사랑은! 사람들이 '무슨 생각 하냐'고 물어올 정도이니. (→ 숨길 수 없이 커져 버린 사랑의 표현)"
41,平兼盛 (たいらのかねもり),平兼盛,恋(こい)す(て)ち(ょふ)ーわが名(な)は(わ)ま(だき)ー立(た)ちにーけ(り)ー <> 人(ひと)し(れ)ずこ(そ)ー思(おも)いそ(め)ーし(か),恋すちょーわが名はまきー立ちにーけりー <> 人しれずこそー思いそめーしか,こひすてふ　わがなはまだき　たちにけり,ひとしれずこそ　おもひそめしか,こひすてふ わがなはまだき たちにけり ひとしれずこそ おもひそめしか,사랑에 빠졌다'는 나의 소문이 벌써 퍼지고 말았구나. 남 몰래 사랑하기 시작했는데. (→ 혼자서 시작한 사랑이 소문으로 퍼져버린 당혹감)
42,紀貫之 (きのつらゆき),紀貫之,契(ちぎり)き(な)ーかた(み)に袖(そで)をーし(ぼ)りーつ(つ)ー <> 末(すえ)の松山(まつやま)ー波(なみ)こ(さじ)ーと(はわ),契りきなーかたみに袖をしぼりーつつー <> 末の松山ー波こさじーとは,ちぎりきな　かたみにそでを　しぼりつつ,すゑのまつやま　なみこさじとは,ちぎりきな かたみにそでを しぼりつつ すゑのまつやま なみこさじとは,"우리가 맹세했었지, (이별의 눈물로) 서로의 소매를 짜면서 스에노마쓰야마(末の松山)에 파도가 넘지 않으리라고! (→ 변치 않는 사랑을 맹세하며)"
43,츄나곤 아츠타다 (権中納言敦忠),権中納言敦忠,あい(み)て(の)ー後(のち)の心(こころ)にーく(らぶ)れーばー <> 昔(むかし)は(わ)ー物(もの)をー思(おも)は(わ)ざ(り)ーけり,あいみてのー後の心にーくらぶれーばー <> 昔はー物をー思わざりーけり,あひみての　のちのこころに　くらぶれば,むかしはものを　おもはざりけり,あひみての のちのこころに くらぶれば むかしはものを おもはざりけり,"(그대와) 만난 후의 이 마음에 비하면, 예전에는 아무리 그리워도 진정한 사랑을 몰랐구나. (→ 임과의 만남 이후 더욱 깊어진 사랑의 감정)"
44,中納言朝忠 (ちゅうなごんあさただ),中納言朝忠,逢(お)うこと(の)ーたえ(て)しな(くば)ーなか(な)かーにー <> 人(ひと)を(も)ー身(み)をもー恨(うら)み(ざら)ーま(し),逢うことのーたえしなくばーなかかーにー <> 人をもー身をもー恨みざらーまし,あふことの　たえてしなくは　なかなかに,ひとをもみをも　うらみざらまし,あふことの たえてしなくは なかなかに ひとをもみをも うらみざらまし,"만날 기회가 완전히 끊어진다면, 차라리 남도 내 자신도 원망하지 않을 텐데. (→ 만날 수 없는 상황에 대한 깊은 괴로움)"
45,能因法師 (のういんほうし),能因法師,あは(わ)れ(と)もー言(いふ)ぶ(き)人(ひと)は(わ)ー思(おも)ほ(え)ーでー <> 身(み)のーいたづらにーなりぬ(べき)ーか(な),あはれともー言ふべき人はー思ほえーでー <> 身のーいたづらにーなりぬべきーかな,あはれとも　いふべきひとは　おもほえで,みのいたづらに　なりぬべきかな,あはれとも いふべきひとは おもほえで みのいたづらに なりぬべきかな,"불쌍하다'고 말해줄 사람조차 생각나지 않고, 이 몸은 헛되이 되어버릴 것 같구나. (→ 임에게 잊혀 쓸쓸하게 죽음을 맞이할 듯한 비탄)"
46,曽禰好忠 (そねのよしただ),曽禰好忠,由良(ゆら)の(と)をー渡(わた)る舟人(ふなびと)ーかぢ(じ)をーた(え)ー <> ゆ(くへえ)もーしら(ぬ)ー恋(こひ)の道(みち)ーか(な),由良のとをー渡る舟人ーかぢをーたえー <> ゆくへえもーしらぬー恋の道ーかな,ゆらのとを　わたるふなびと　かぢをたえ,ゆくへもしらぬ　こひのみちかな,ゆらのとを わたるふなびと かぢをたえ ゆくへもしらぬ こひのみちかな,"유라노토(由良の門)를 건너는 뱃사공이 노를 잃고, 어디로 가야 할지 모르는 사랑의 길(恋の道)이로구나. (→ 방향을 잃은 듯한 막막한 사랑의 고통)"
47,恵慶法師 (えぎょうほうし),恵慶法師,八重葎(やえむぐら)ーし(げ)れ(る)宿(やど)のーさびし(き)ーにー <> 人(ひと)こそー見(み)え(ね)ー秋(あき)は(わ)来(き)にーけ(り),八重葎ーしげれる宿のーさびしきーにー <> 人こそー見えねー秋は来にーけり,やへむぐら　しげれるやどの　さびしきに,ひとこそみえね　あきはきにけり,やへむぐら しげれるやどの さびしきに ひとこそみえね あきはきにけり,"잡초(야헤무구라)가 우거진 집이 쓸쓸하여 사람의 모습은 보이지 않지만, (바람과 이슬로) 가을은 왔구나. (→ 초라한 은거 생활과 가을의 정취)"
48,源重之 (みなもとのしげゆき),源重之,風(かぜ)をい(た)みー岩(いわ)うつ波(なみ)のーおの(れ)ーの(み)ー <> く(だ)け(て)ー物(もの)をー思(おも)ふーこ(ろ)ーか(な),風をいたみー岩うつ波のーおのれーのみー <> くだけてー物をー思うーころーかな,かぜをいたみ　いはうつなみの　おのれのみ,くだけてものを　おもふころかな,かぜをいたみ いはうつなみの おのれのみ くだけてものを おもふころかな,"바람이 거세어 바위에 부딪치는 파도처럼, 나 혼자만 부서지며(고뇌하며) 생각하는 때이구나. (→ 격렬한 외로움과 고뇌를 파도에 비유)"
49,大中臣能宣 (おおなかとみのよしのぶ),大中臣能宣,みかき(も)りー衛士(えじ)のたく火(ひ)のー夜(よ)るは(わ)ーもえー <> 昼(ひる)は(わ)ー消(きえ)つ(つ)ー物(もの)を(こ)そー思(おも)へ(え),みかきもりー衛士のたく火のーよるはーもえー <> 昼はー消えつー物をこそー思へ,みかきもり　ゑじのたくひの　よるはもえ,ひるはきえつつ　ものをこそおもへ,みかきもり ゑじのたくひの よるはもえ ひるはきえつつ ものをこそおもへ,"궁궐을 지키는 문지기(衛士)가 피우는 횃불처럼, 밤에는 타오르고 낮에는 꺼지며 (나는 임을) 그리워하는구나. (→ 횃불에 비유한 임을 향한 끊임없는 그리움)"
50,藤原義孝 (ふじわらのよしたか),藤原義孝,君(きみ)が(た)め惜(お)しからざりしー命(いのち)ーさ(へえ)ー <> 長(なが)くーもが(な)とー思(おも)い(い)け(る)ーか(な),君がため惜しからざりしー命ーさへえー <> 長くーもがなとー思いいけーかな,きみがため　をしからざりし　いのちさへ,ながくもがなと　おもひけるかな,きみがため をしからざりし いのちさへ ながくもがなと おもひけるかな,"당신을 위해서라면 아깝지 않다고 생각했던 목숨까지도, 이제는 오래 살았으면 좋겠다고 생각하게 되었구나. (→ 사랑하는 사람을 만나 더 살고 싶어진 기쁨)"
51,藤原実方朝臣 (ふじわらのさねかたあそん),藤原実方朝臣,か(く)と(だ)にーえ(やはわ)いぶ(き)のーさ(し)もー草(ぐさ)ー <> さ(し)もーし(らじ)なーも(ゆ)る思(おも)ーひを(い),かくとだにーえやはいぶきのーさしもー草ー <> さしもーしらじなーもゆる思ーいを,かくとだに　えやはいぶきの　さしもぐさ,さしもしらじな　もゆるおもひを,かくとだに えやはいぶきの さしもぐさ さしもしらじな もゆるおもひを,"이렇다고(사랑한다고) 말할 수 있을까? 이부키(伊吹) 산의 약쑥(さしも草, 사시모구사)처럼, 나의 타오르는 사랑을 정말 모르고 있겠지. (→ 숨길 수 없는 뜨거운 사랑을 약쑥에 빗대어 표현)"
52,후지와라노 미치노부 (藤原道信),藤原道信,明(あけ)ぬ(れ)ばー暮(く)る(る)もの(と)は(わ)ー知(し)り(な)がーらー <> な(ほ)おー恨(うらめ)し(き)ー朝(あさぼ)ら(け)ーか(な),明ぬればー暮るるものとはー知りながらー <> なほー恨めしきー朝ぼらけーかな,あけぬれば　くるるものとは　しりながら,なほうらめしき　あさぼらけかな,あけぬれば くるるものとは しりながら なほうらめしき あさぼらけかな,"날이 밝으면 다시 밤이 온다는 것을 알면서도, 역시나 원망스러운 것은 이 새벽이로구나. (→ 임과 헤어져야 하는 새벽에 대한 원망)"
53,右大将道綱母 (うだいしょうみちつなのはは),右大将道綱母,嘆(なげき)つ(つ)ーひと(り)ぬ(る)夜(よ)のー明(あ)く(るま)ーは(わ)ー <> いか(に)ー久(ひさ)し(き)ーものと(かわ)ーし(る),嘆きつつーひとりぬる夜のー明くるまーはー <> いかにー久しきーものとかはーしる,なげきつつ　ひとりねるよの　あくるまは,いかにひさしき　ものとかはしる,なげきつつ ひとりねるよの あくるまは いかにひさしき ものとかはしる,"한탄하며 홀로 자는 밤이 새는 동안이 얼마나 긴 것인지, (당신은) 알겠는가? (→ 홀로 잠드는 밤의 외로움과 길게 느껴지는 시간을 하소연)"
54,의보공기노요시타카 (儀同三司母),儀同三司母,忘(わす)れ(じ)のーゆ(くす)ゑ(え)まで(はわ)ーか(た)け(れ)ーばー <> け(ふき)ょーをーか(ぎり)のーいの(ち)とーもがな,忘れじのーゆくすゑまではーかけーばー <> きょーをーかぎりのーいのちとーもがな,わすれじの　ゆくすゑまでは　かたければ,けふをかぎりの　いのちともがな,わすれじの ゆくすゑまでは かたければ けふをかぎりの いのちともがな,"잊지 않겠다'는 약속이 영원히 이어지기 어렵다면, 오늘을 끝으로 내 목숨이 다했으면 좋으련만. (→ 변심이 두려워 영원한 사랑을 맹세한 그 순간 죽기를 바라는 마음)"
55,大納言公任 (だいなごんきんとう),大納言公任,滝(たき)の音(おと)は(わ)ーた(え)て久(ひさ)し(く)ーなりぬ(れ)ーどー <> 名(な)こ(そ)ー流(なが)れてーな(ほ)お聞(き)こえーけ(れ),滝の音はーたて久しくーなりぬれーどー <> 名こそー流れてーなほ聞こえーけれ,たきのおとは　たえてひさしく　なりぬれど,なこそながれて　なほきこえけれ,たきのおとは たえてひさしく なりぬれど なこそながれて なほきこえけれ,"폭포 소리는 끊어진 지 오래되었지만, 그 이름(名)만은 흘러서(流れ) 여전히 들리는구나. (→ 명예는 영원히 남는다는 비유적인 표현)"
56,이즈미 시키부 (和泉式部),和泉式部,嵐(あらし)吹(ふ)くー三室(みむろ)の山(やま)のーもみぢ(ば)は(わ)ー <> 竜田(たつた)のー川(かわ)のー錦(にしき)なりーけり,嵐吹くー三室の山のーもみぢばはー <> 竜田のー川のー錦なりーけり,あらざらむ　このよのほかの　おもひでに,いまひとたびの　あふこともがな,あらざらむ このよのほかの おもひでに いまひとたびの あふこともがな,"(내가 곧) 사라지고 없을 이 세상 밖의 추억으로라도, 지금 한 번 더 임을 만났으면 좋으련만. (→ 임과 마지막으로 한 번 더 만나고 싶은 간절한 소망)"
57,紫式部 (むらさきしきぶ),紫式部,め(ぐり)あ(ひ)い(て)ー見(み)し(や)そ(れ)と(も)ーわ(かぬま)ーにー <> 雲隠(くもがく)れーに(し)ー夜半(よわ)の月(つき)ーか(な),めぐりあいてー見しそれともーわかぬまーにー <> 雲ー隠れにしー夜半の月ーかな,めぐりあひて　みしやそれとも　わかぬまに,くもがくれにし　よはのつきかな,めぐりあひて みしやそれとも わかぬまに くもがくれにし よはのつきかな,"겨우 다시 만났는데, 그 사람인지 아닌지 알아보지도 못하는 사이에 구름에 숨어 버린 한밤중의 달이로구나. (→ 짧았던 재회와 갑작스러운 이별의 아쉬움)"
58,후지와라노 키요스케 (大納言経信),大納言経信,有馬山(ありまやま)ーい(な)の笹原(ささはら)ー風(かぜ)吹(ふ)けーばー <> いでそよー人(ひと)をー忘(わす)れ(やは)ーす(る),有馬山ーいなの笹原ー風吹けばー <> いでそよー人をー忘れやわーする,ありまやま　ゐなのささはら　かぜふけば,いでそよひとを　わすれやはする,ありまやま ゐなのささはら かぜふけば いでそよひとを わすれやはする,"아리마산(有馬山) 이나노(猪名野)의 조릿대 숲에 바람이 불면 나는 소리처럼, 어찌 그 사람을 잊을 수 있겠는가? (→ 잊을 수 없는 임을 향한 변치 않는 마음)"
59,赤染衛門 (あかぞめえもん),赤染衛門,やす(らはわ)でー寝(ね)な(まし)もの(を)ーさ夜(よ)ふけーてー <> か(たぶ)くーま(で)のー月(つき)をみ(し)ーか(な),やすらわでー寝なましものをーさよ夜ふけーてー <> かたぶくーまてのー月をみしーかな,やすらはで　ねなましものを　さよふけて,かたぶくまでの　つきをみしかな,やすらはで ねなましものを さよふけて かたぶくまでの つきをみしかな,주저하지 않고 잠들었어야 했는데! 밤이 깊어 (산에) 기울어지는 달을 보아버렸구나. (→ 임을 기다리다 밤이 새도록 잠 못 이루는 안타까움)
60,小式部内侍 (こしきぶのないし),小式部内侍,大江山(おおえやま)ーいく野(の)の道(みち)のー遠(と)ーけ(れ)ーばー <> まだー踏(ふ)みも見(み)ずー天(あま)の橋(はし)ー立(た)て,大江山ーいく野の道のー遠ーけれーばー <> まだー踏みも見ずー天の橋ー立,おほえやま　いくののみちの　とほければ,まだふみもみず　あまのはしだて,おほえやま いくののみちの とほければ まだふみもみず あまのはしだて,"오오에산(大江山)과 이쿠노(生野)로 가는 길이 멀기 때문에, 아직 (내가 보낸) 편지(文, 후미)도 못 봤고 아마노하시다테(天橋立)에도 못 갔습니다. (→ 시 솜씨를 의심한 사람을 향한 재치 있는 반박)"
61,伊勢大輔 (いせのたいふ),伊勢大輔,いに(しへえ)のー奈良(なら)の都(みやこ)のー八重桜(やえざくら)ー <> け(きょふ)ー九重(ここのえ)にーに(ほ)ひお(い)ぬ(る)ーか(な),いにしへのー奈良の都のー八重桜ー <> きょー九重にーにおいぬるーかな,いにしへの　ならのみやこの　やへざくら,けふここのへに　にほひぬるかな,いにしへの ならのみやこの やへざくら けふここのへに にほひぬるかな,"옛날 나라(奈良)의 수도에 피던 겹벚꽃이 오늘 이 아홉 겹 궁궐(九重, 교토)에서 더욱 아름답게 피어 있구나. (→ 천 년 고도 나라에서 옮겨온 교토 궁궐의 번영을 벚꽃에 빗대어 축복)"
62,清少納言 (せいしょうなごん),清少納言,夜(よ)を(こめ)てー鳥(とり)のそら(ね)は(わ)ーは(かる)ーと(も)ー <> よ(に)ー逢坂(おさか)のー関(せき)は(わ)ゆ(る)ーさ(じ),夜をこめてー鳥のそらねはーはるーともー <> よにー逢坂のー関はゆるーさじ,よをこめて　とりのそらねは　はかるとも,よにあふさかの　せきはゆるさじ,よをこめて とりのそらねは はかるとも よにあふさかの せきはゆるさじ,"밤을 새워 닭의 거짓 울음으로 속일지라도, 세상의 오사카 관문(逢坂の関)은 허락하지 않으리. (→ 거짓 울음으로 임을 돌려보내려 한 남자를 풍자)"
63,紫式部 (むらさきしきぶ),紫式部,今(いま)は(わ)た(だ)ー思(おも)い(たえ)な(むん)とーば(か)りーをー <> 人(ひとづ)てーな(ら)でー言(ゆふ)よ(し)ーもが(な),今はたー思いなむんとーばかーりをー <> 人づてーなー言よーもがな,いまはただ　おもひたえなむ　とばかりを,ひとづてならで　いふよしもがな,いまはただ おもひたえなむ とばかりを ひとづてならで いふよしもがな,"이제는 그저 '마음을 끊겠다'는 이 말만을, 남을 통하지 않고 (당신에게) 직접 말할 방법이 있었으면 좋으련만. (→ 헤어짐의 고통을 직접 전하고 싶은 간절한 심정)"
64,후지와라노 사다요리 (大納言定頼),大納言定頼,朝(あさぼ)ら(け)ー宇治(うじ)の川霧(かわぎり)ー絶(た)え絶(だえ)ーにー <> あら(は)われーわ(た)るー瀬々(せぜ)の(あじ)ーろ木(ぎ),朝ぼらけー宇治の川霧ー絶え絶えーにー <> あらわれーわたるー瀬々のあじろ木,あさぼらけ　うぢのかはぎり　たえだえに,あらはれわたる　せぜのあじろぎ,あさぼらけ うぢのかはぎり たえだえに あらはれわたる せぜのあじろぎ,"새벽 무렵, 우지강(宇治川)의 물안개가 끊어질 듯 이어지며 (그 사이로) 드문드문 드러나는 여울의 어살(漁梁)이여. (→ 안개 낀 강가의 아름답고 섬세한 새벽 풍경)"
65,相模 (さがみ),相模,恨(うら)み(わび)ーほさ(ぬ)袖(そで)だ(に)ーあ(る)も(の)ーをー <> 恋(こい)にーくち(なむん)ー名(な)こ(そ)惜(おし)ーけ(れ),恨みわびーほさぬ袖だにーあるものーをー <> 恋にくちなんー名こそ惜しーけれ,うらみわび　ほさぬそでだに　あるものを,こひにくちなむ　なこそをしけれ,うらみわび ほさぬそでだに あるものを こひにくちなむ なこそをしけれ,"(임의) 무정함을 원망하며 마르지 않은 소매만으로도 괴로운데, 사랑으로 인해 (소문이 나서) 썩어버릴 내 이름(名)이야말로 아깝구나. (→ 남에게 알려질 사랑의 소문이 두려움)"
66,大僧都行尊 (だいそうずぎょうそん),大僧都行尊,もろ(と)もにーあは(わ)れ(と)思(おも)へ(え)ー山桜(やまざくら)ー <> 花(はな)よ(り)ーほ(かに)ー知(し)る人(ひと)もーな(し),もろともにーあはれと思へー山桜ー <> 花よりーほかにー知る人もーなし,もろともに　あはれとおもへ　やまざくら,はなよりほかに　しるひともなし,もろともに あはれとおもへ やまざくら はなよりほかに しるひともなし,"함께 슬퍼해다오, 산벚꽃이여. 꽃 말고는 (이 산에서) 나를 알아주는 이가 아무도 없으니. (→ 산속 은거자의 외로움과 벚꽃에 대한 감정이입)"
67,周防内侍 (すおうのないし),周防内侍,春(はる)の夜(よ)のーゆめ(ば)か(り)な(る)ー手枕(たまくら)ーにー <> か(ひい)な(く)ーた(たむん)ー名(な)こ(そ)をしーけ(れ),春の夜のーゆめばかりなるー手枕ーにー <> かいなくーたたんー名こそをしーけれ,はるのよの　ゆめばかりなる　たまくらに,かひなくたたむ　なこそをしけれ,はるのよの ゆめばかりなる たまくらに かひなくたたむ なこそをしけれ,"짧은 봄밤의 꿈같은 (사랑의) 베개(만남)로, 보람 없이 소문이 날 내 이름(名)이야말로 아깝구나. (→ 순간적인 사랑 때문에 스캔들이 날까봐 걱정하는 마음)"
68,三条院 (さんじょういん),三条院,心(こころ)に(も)ーあ(ら)で(う)き世(よ)にーな(が)ら(へえ)ーばー <> 恋(こい)し(かる)ーべきー夜半(よ)わの月(つき)ーか(な),心にもーあらでうき世にーながらへーばー <> 恋しかるーべきー夜半の月ーかな,こころにも　あらでうきよに　ながらへば,こひしかるべき　よはのつきかな,こころにも あらでうきよに ながらはば こひしかるべき よはのつきかな,"내 마음과는 달리 괴로운 세상에서 오래 산다면, (이제 떠나야 하는) 이 한밤중의 달이 그리워지겠지. (→ 슬픈 현실 속에서 아름다운 순간을 회상)"
69,노인 호우시 (能因法師),能因法師,あは(わ)れ(と)もーいふ(ゆ)ーべ(き)人(ひと)は(わ)ー思(おも)ほ(え)ーでー <> 身(み)のーいたづらにーなりぬべきーかな,あはれともーゆうべき人はー思ほえーでー <> 身のーいたづらにーなりぬべきーかな,あらしふく　みむろのやまの　もみぢばは,たつたのかはの　にしきなりけり,あらしふく みむろのやまの もみぢばは たつたのかはの にしきなりけり,폭풍이 부는 미무로산(三室山)의 단풍잎은 다쓰타가와(竜田川)를 수놓은 비단이 되었구나. (→ 가을 단풍이 흩날려 강을 덮은 화려한 모습)
70,良暹法師 (りょうぜんほうし),良暹法師,さびし(さ)にー宿(やど)を(た)ち出(いで)てーな(がむ)れーばー <> いづ(ずこ)もーおな(じ)ー秋(あき)の夕(ゆ)ーぐ(れ),さびしさにー宿をたち出でてーながむれーばー <> いづこもーおなじー秋の夕ーぐれ,さびしさに　やどをたちいでて　ながむれば,いづこもおなじ　あきのゆふぐれ,さびしさに やどをたちいでて ながむれば いづこもおなじ あきのゆふぐれ,"외로움에 거처를 박차고 나와 바라보니, 어디를 보아도 똑같은 가을 저녁이로구나. (→ 가을의 보편적인 고독과 쓸쓸함)"
71,大納言経信 (だいなごんつねのぶ),大納言経信,夕(ゆ)さ(れ)ばー門田(かどた)の稲葉(いなば)ーおと(づ)ずれーてー <> 芦(あし)のーま(ろや)にー秋風(あきかぜ)ぞー吹(ふ)く,夕さればー門田の稲葉ーおとづれーてー <> 芦のーまろやにー秋風ぞー吹く,ゆふされば　かどたのいなば　おとづれて,あしのまろやに　あきかぜぞふく,ゆふされば かどたのいなば おとづれて あしのまろやに あきかぜぞふく,"저녁이 되니 문 앞 논의 벼 잎이 소리를 내며 (나를) 찾아와, 갈대로 엮은 오두막에 가을바람이 부는구나. (→ 가을밤의 벼와 갈대 소리에 비유한 쓸쓸한 정경)"
72,祐子内親王家紀伊 (ゆうしうちしんのうけのきい),祐子内親王家紀伊,音(おと)にき(く)ーたか(し)の浜(はま)のーあだ波(なみ)ーは(わ)ー <> か(け)じ(や)ー袖(そで)のーぬ(れ)も(こ)そーす(れ),音にきくーたかしの浜のーあだ波ーはー <> かけじやー袖のーぬれもそーすれ,おとにきく　たかしのはまの　あだなみは,かけじやそでの　ぬれもこそすれ,おとにきく たかしのはまの あだなみは かけじやそでの ぬれもこそすれ,"(헛되다고) 소문난 다카시노하마(高師の浜)의 헛된 물결(あだなみ)처럼, (당신과 헛된 관계가 될까 봐) 소매(눈물)를 적시지는 않으리. (→ 임의 변심이 두려워 눈물 흘리지 않으려는 마음)"
73,곤츄나곤 이토 (権中納言兼輔),権中納言兼輔,高砂(たかさご)のー尾上(おのえ)の桜(さくら)ー咲(さき)にーけ(り)ー <> 外山(とやま)のー霞(かすみ)ーた(たず)もあ(ら)ーな(むん),高砂のー尾上の桜ー咲きにーけりー <> 外山のー霞ーたずもあらーなん,たかさごの　をのへのさくら　さきにけり,とやまのかすみ　たたずもあらなむ,たかさごの をのへのさくら さきにけり とやまのかすみ たたずもあらなむ,"다카사고(高砂) 오노에(尾上)의 벚꽃이 피었구나. 저 멀리 산 안개여, 제발 피지 말아다오. (→ 아름다운 벚꽃을 가리지 말아달라는 애원)"
74,源俊頼朝臣 (みなもとのとしよりあそん),源俊頼朝臣,憂(う)か(りけ)るー人(ひと)を初瀬(はつせ)のー山(やま)お(ろ)ーしー <> は(げし)か(れ)ーと(はわ)ー祈(いの)らぬーもの(を),憂かりけるー人を初瀬のー山おろーしー <> はげしかれーとはー祈らぬーものを,うかりける　ひとをはつせの　やまおろしよ,はげしかれとは　いのらぬものを,うかりける ひとをはつせの やまおろしよ はげしかれとは いのらぬものを,"냉정한 그 사람을 (벌해 달라고) 하쓰세(初瀬)의 산바람에게 바라지도 않았는데, 어찌 이렇게 (나에게) 심하게 불어 닥치는가. (→ 임의 냉정함과 자신의 괴로움을 산바람에 빗대어 호소)"
75,藤原基俊 (ふじわらのもととし),藤原基俊,契(ちぎり)お(き)しーさせもが露(つゆ)をー命(いのち)にーてー <> あは(わ)れー今年(ことし)のー秋(あき)もい(ぬ)ーめ(り),契りおきしーさせもが露をー命にてー <> あはれー今年の一秋もいぬーめり,ちぎりおきし　させもがつゆを　いのちにて,あはれことしの　あきもいぬめり,ちぎりおきし させもがつゆを いのちにて あはれことしの あきもいぬめり,"(내 목숨은) 맹세해 두었던 약쑥(さしも) 위의 이슬을 수명으로 삼았는데, 아아, 올해 가을도 지나가는구나. (→ 덧없는 목숨을 이슬에 비유하며, 세월의 흐름에 대한 무상함)"
76,호토쿠지 젠시 (法性寺入道前関白太政大臣),法性寺入道前関白太政大臣,わた(の)原(はら)漕(こ)ぎ出(いで)て見(み)ればー久方(ひさかた)ーのー <> 雲居(くもゐ)にーまが(ごふ)ー沖(おき)つ白波(しらなみ),わたの原漕ぎ出でて見ればー久方ーのー <> 雲居にーまごー沖つ白波,わたのはら　こぎいでてみれば　ひさかたの,くもゐにまがふ　おきつしらなみ,わたのはら こぎいでてみれば ひさかたの くもゐにまがふ おきつしらなみ,"넓은 바다로 노를 저어 나가 바라보니, 하늘의 구름과 헷갈릴 정도로 멀리서 하얀 파도가 밀려오네. (→ 넓고 시원한 바다 풍경)"
77,崇徳院 (すとくいん),崇徳院,瀬(せ)をは(やみ)ー岩(いわ)に(せか)る(る)ー滝川(たきがわ)ーのー <> わ(れ)てもー末(すえ)にーあ(はむわ)んと(ぞ)ー思(おも)ふ,瀬をはやみー岩にせかるるー滝川ーのー <> われてもー末にーあはんとぞー思う,せをはやみ　いはにせかるる　たきがはの,われてもすゑに　あはむとぞおもふ,せをはやみ いはにせかるる たきがはの われてもすゑに あはむとぞおもふ,"물살이 빨라 바위에 막혀 갈라지는 폭포의 물처럼, (우리가) 헤어질지라도 나중에는 반드시 만나리라 생각한다. (→ 헤어지더라도 언젠가 다시 만나겠다는 강한 의지)"
78,謙徳公 (けんとくこう),謙徳公,淡路島(あわじしま)ーかよ(ふ)ー千鳥(ちどり)のー鳴(な)く声(こえ)ーにー <> 幾夜(いくよ)ー寝覚(ねざめ)ぬー須磨(すま)の関(せき)ー守(もり),淡路島ーかよー千鳥のー鳴く声ーにー <> 幾夜ー寝覚めぬー須磨の関ー守,あはぢしま　かよふちどりの　なくこゑに,いくよねざめぬ　すまのせきもり,あはぢしま かよふちどりの なくこゑに いくよねざめぬ すまのせきもり,"아와지시마(淡路島)를 오가는 물떼새의 울음소리에, 스마(須磨) 관문의 문지기는 몇 번이나 잠을 깼을까? (→ 밤새 우는 물떼새의 소리와 문지기의 외로운 심정)"
79,도쿠다이지 사네사다 (徳大寺実定),徳大寺実定,あらざら(む)んーこの世(よ)の(ほ)かのー思(おも)い出(で)ーにー <> 今(いま)ーひとたびのーあ(ふ)ことーもがな,あらざらんーこの世のほかのー思いでーにー <> 今ーひとたびのーあうことーもがな,あきかぜに　たなびくくもの　たえまより,もれいづるつきの　かげのさやけさ,あきかぜに たなびくくもの たえまより もれいづるつきの かげのさやけさ,"가을바람에 길게 드리운 구름이 끊어지는 사이로, 새어 나오는 달빛의 맑음이여! (→ 구름 사이로 비치는 맑고 깨끗한 달빛의 아름다움)"
80,待賢門院堀河 (たいけんもんいんのほりかわ),待賢門院堀河,長(なが)から(むん)ー心(こころ)もし(ら)ずー黒髪(くろかみ)ーのー <> みだ(れ)て(け)さ(わ)ー物(もの)を(こ)そー思(おも)へ(え),長からんー心もしらずー黒髪ーのー <> みだれてーけさはー物をこそー思へ,ながからむ　こころもしらず　くろかみの,みだれてけさは　ものをこそおもへ,ながからむ こころもしらず くろかみの みだれてけさは ものをこそおもへ,"(당신의) 변치 않을 마음(永からむ心)은 알 수 없지만, 검은 머리가 헝클어진 이 아침에는 (헤어진 후의) 슬픔에 잠기는구나. (→ 임과의 만남 후, 임의 마음을 알 수 없어 불안해하는 여인의 심정)"
81,後徳大寺左大臣 (ごとくだいじさだいじん),後徳大寺左大臣,ほととぎすー鳴(な)きつ(る)方(かた)をーな(がむ)れーばー <> た(だ)ー有明(ありあけ)のー月(つき)ぞ残(のこ)ーれ(る),ほととぎすー鳴きつる方をーながむれーばー <> ただー有明のー月ぞ残ーれる,ほととぎす　なきつるかたを　ながむれば,ただありあけの　つきぞのこれる,ほととぎす なきつるかたを ながむれば ただありあけの つきぞのこれる,"두견새가 울던 곳을 바라보니, 오직 새벽 달(有明の月)만이 남아 있구나. (→ 두견새의 울음이 지나간 후의 고요하고 맑은 새벽 정취)"
82,道因法師 (どういんほうし),道因法師,思(おも)い(わ)びーさ(て)も命(いのち)は(わ)ーあ(る)も(の)ーをー <> 憂(う)きに(た)え(え)ぬは(わ)ー涙(なみだ)な(り)ーけり,思いわびーさても命はーあるものーをー <> 憂きにたえぬはー涙なりーけり,おもひわび　さてもいのちは　あるものを,うきにたへぬは　なみだなりけり,おもひわび さてもいのちは あるものを うきにたへぬは なみだなりけり,"괴로워하지만, 그래도 목숨은 붙어 있는데, 이 괴로움에 견디지 못하는 것은 눈물이로구나. (→ 괴로운 심정에도 멈추지 않는 눈물에 대한 탄식)"
83,皇太后宮大夫俊成 (こうたいごうぐうのだいぶとしなり),皇太后宮大夫俊成,世(よ)の(なか)よー道(みち)こ(そ)な(け)れー思(おも)い(い)ー入(いる)ー <> 山(やま)の奥(おく)に(も)ー鹿(しか)ぞ鳴(な)くーな(る),世のなかよー道こそなけれー思いー入るー <> 山の奥にもー鹿ぞ鳴くーなる,よのなかよ　みちこそなけれ　おもひいる,やまのおくにも　しかぞなくなる,よのなかよ みちこそなけれ おもひいる やまのおくにも しかぞなくなる,"세상이여, (고뇌를 피할) 방법은 없구나. (번뇌를 피하고자) 깊은 산속으로 들어가도 사슴은 그렇게 우는구나. (→ 속세의 고뇌를 피할 수 없는 인간의 숙명)"
84,藤原清輔朝臣 (ふじわらのきよすけあそん),藤原清輔朝臣,な(が)ら(へ)え(ば)ーまた(こ)の(ごろ)やーし(のば)れーむんー <> 憂(う)しと(み)し世(よ)ぞー今(いま)は(わ)恋(こい)ーし(き),ながらえばーまたこのごろやーしのばれーんー <> 憂しとみし世ぞー今は恋ーしき,ながらへば　またこのごろや　しのばれむ,うしとみしよぞ　いまはこひしき,ながらへば またこのごろや しのばれむ うしとみしよぞ いまはこひしき,"오래 산다면, 또 이 시절을 그리워하게 될까? 괴롭다고 생각했던 시절이 지금은 그리운데. (→ 과거의 괴로움조차 시간이 지나면 그리워진다는 세월의 무상함)"
85,俊恵法師 (しゅんえほうし),俊恵法師,夜(よ)も(す)が(ら)ー物(もの)思(おも)ふーこ(ろ)は(わ)ー明(あけ)や(ら)ーでー <> 閨(ねや)のーひ(ま)さ(へえ)ーつ(れ)な(か)りーけ(り),夜もすがらー物思ーころはー明けやらーでー <> 閨のーひまさえーつれなかりーけり,よもすがら　ものおもふころは　あけやらで,ねやのひまさへ　つれなかりけり,よもすがら ものおもふころは あけやらで ねやのひまさへ つれなかりけり,"밤새도록 (임을 그리며) 생각할 때는, 날이 쉽게 밝지 않아 침실 틈새의 햇살조차 야속하구나. (→ 깊은 그리움으로 밤을 샐 때 느껴지는 시간의 더딤)"
86,西行法師 (さいぎょうほうし),西行法師,嘆(なげ)けと(て)ー月(つき)やは(わ)物(もの)をー思(おも)は(わ)ーす(る)ー <> か(こち)顔(がお)ーなるーわが涙(なみだ)ーか(な),嘆けとてー月やは物をー思はーするー <> かこち顔ーなるーわが涙ーかな,なげけとて　つきやはものを　おもはするか,こちがほなる　わがなみだかな,なげけとて つきやはものを おもはするか こちがほなる わがなみだかな,한탄하라'고 달이 나에게 슬픔을 생각하게 하는 것일까? 마치 달을 원망하는 듯한 나의 눈물이로구나. (→ 달을 보며 느끼는 슬픔과 눈물의 감정)
87,寂蓮法師 (じゃくれんほうし),寂蓮法師,村雨(むらさめ)のー露(つゆ)も(まだ)干(ひ)ぬー牧(まき)の葉(は)ーにー <> 霧(きり)ーた(ち)の(ぼ)るー秋(あき)の夕(ゆ)ーぐ(れ),村雨のー露も干ぬー牧の葉ーにー <> 霧ーたちのぼるー秋の夕ーぐれ,むらさめの　つゆもまだひぬ　まきのはに,きりたちのぼる　あきのゆふぐれ,むらさめの つゆもまだひぬ まきのはに きりたちのぼる あきのゆふぐれ,"소나기(村雨)의 이슬이 아직 마르지 않은 삼나무 잎에, 안개가 피어오르는 가을 저녁이여. (→ 깊은 고독과 정취가 느껴지는 가을 황혼의 풍경)"
88,황실가 (皇室家),皇室家,難波江(なにわえ)のー芦(あし)のかり(ね)のーひと(よ)ーゆゑ(え)ー <> 身(み)をーつ(く)し(て)やー恋(こひ)い(わ)た(る)ーべ(き),難波江のー芦のかりねのーひとよーゆゑー <> 身をつくしてやー恋わたるーべき,なにはえの　あしのかりねの　ひとよゆゑ,みをつくしてや　こひわたるべき,なにはえの あしのかりねの ひとよゆゑ みをつくしてや こひわたるべき,"나니와에(難波江)의 갈대 베어 만든 자리에서의 하룻밤(かりねのひとよ) 때문에, 내 몸을 바쳐(身を尽くし) 사랑을 계속해야 하는가? (→ 하룻밤 만남 이후 깊어진 사랑의 괴로움)"
89,式子内親王 (しきしないしんのう),式子内親王,玉(たま)の緒(お)よーたえ(なば)たえ(ね)ーな(が)ら(へえ)ーばー <> 忍(しのぶ)るーこ(と)のー弱(よわ)り(も)ぞーす(る),玉の緒よーたえなばたえねーながらへーばー <> 忍ぶるーことのー弱りもぞーする,たまのをよ　たえなばたえね　ながらへば,しのぶることの　よわりもぞする,たまのをよ たえなばたえね ながらへば しのぶることの よわりもぞする,"목숨의 끈이여, 끊어지려면 끊어져라. 오래 살게 되면 (숨기려 하는) 사랑이 약해져 소문이 날까 두렵다. (→ 숨겨야 하는 사랑의 고통과 차라리 죽음을 바라는 마음)"
90,殷富門院大輔 (いんぷもんいんのたいふ),殷富門院大輔,見(み)せ(ば)や(な)ー雄島(おじま)のあまのー袖(そで)だ(に)ーもー <> ぬれ(に)ぞーぬれ(し)ー色(いろ)は(わ)か(は)ーら(ず),見せばやなー雄島のあまのー袖だにーもー <> ぬれにぞーぬれしー色はかはーらず,みせばやな　をじまのあまの　そでだにも,ぬれにぞぬれし　いろはかはらず,みせばやな をじまのあまの そでだにも ぬれにぞぬれし いろはかはらず,"(내 소매를) 보여주고 싶구나. 오지마(雄島)의 어부의 소매조차 (눈물로) 흠뻑 젖었지만, 그 색깔은 변하지 않았는데. (→ 자신의 젖은 소매(눈물)를 보여 임의 무정함을 탓함)"
91,後京極摂政前太政大臣 (ごきょうごくせっしょうさきのだいじょうだいじん),後京極摂政前太政大臣,き(り)ぎ(り)すー鳴(な)くや霜夜(しもよ)のーさむ(し)ろーにー <> 衣(ころも)ーか(た)敷(し)きーひと(り)か(も)ー寝(ねむ)ん,きりぎりすー鳴くや霜夜のーさむしろーにー <> 衣ーかた敷きーひとりかもー寝ん,きりぎりす　なくやしもよの　さむしろに,ころもかたしき　ひとりかもねむ,きりぎりす なくやしもよの さむしろに ころもかたしき ひとりかもねむ,"귀뚜라미 우는 서리 내린 밤, 이 쓸쓸한 돗자리에 옷소매를 한 겹만 깔고 나 홀로 잠드는구나. (→ 가을밤의 지극한 고독과 외로움)"
92,니조인노 사누키 (二条院讃岐),二条院讃岐,わが袖(そで)は(わ)ー潮干(しおひ)に見(みえ)ぬー沖(おき)の石(いし)ーのー <> 人(ひと)こ(そ)ーしら(ね)ーかわ(くま)もーな(し),わが袖はー潮干に見えぬー沖の石ーのー <> 人こそーしらねーかわくまもーなし,わがそでは　しほひにみえぬ　おきのいしの,ひとこそしらね　かわくまもなし,わがそでは しほひにみえぬ おきのいしの ひとこそしらね かわくまもなし,"내 소매는 썰물 때도 보이지 않는 먼 바다의 바위처럼, 남들은 모르지만 마를 틈이 없구나. (→ 끝없이 흐르는 눈물을 바다의 바위에 비유하여 표현)"
93,鎌倉右大臣 (かまくらうだいじん),鎌倉右大臣,世(よ)の中(なか)は(わ)ーつ(ね)に(も)が(もな)ーな(ぎさ)ー漕(こぐ)ー <> あま(の)ー小舟(おぶね)のー綱手(つなで)か(な)ーし(も),世の中はーつねにもがもなーなぎさー漕ぐー <> あまのー小舟のー綱手かなーしも,よのなかは　つねにもがもな　なぎさこぐ,あまのをぶねの　つなでかなしも,よのなかは つねにもがもな なぎさこぐ あまのをぶねの つなでかなしも,세상은 언제나 (이렇게 평화롭기를) 바라건만. 물가를 저어가는 어부의 작은 배와 밧줄이 참으로 아름답구나. (→ 소박하고 평화로운 어촌 풍경에서 영원을 염원)
94,参議雅経 (さんぎまさつね),参議雅経,み吉野(よしの)のー山(やま)の秋風(あきかぜ)ーさ夜(よ)ふ(け)ーてー <> ふ(るさ)とー寒(さむ)くー衣(ころも)う(つ)ーな(り),み吉野のー山の秋風ーさ夜ふけーてー <> ふるさとー寒くー衣うーなり,みよしのの　やまのあきかぜ　さよふけて,ふるさとさむく　ころもうつなり,みよしのの やまのあきかぜ さよふけて ふるさとさむく ころもうつなり,"미요시노(吉野) 산의 가을바람이 밤이 깊어지니, 고향 마을이 추워서 옷을 다듬이질하는 소리가 들리는구나. (→ 다듬이질 소리에서 느껴지는 가을의 깊은 쓸쓸함)"
95,前大僧正慈円 (さきのだいそうじょうじえん),前大僧正慈円,おほけ(な)くー浮世(うきよ)の民(たみ)にーおほ(ふ)ーか(な)ー <> わがー立(たつ)杣(そま)にー墨染(すみぞめ)のー袖(そで),おほけなくー浮世の民にーおほーかーなー <> わがー立つ杣にー墨染のー袖,おほけなく　うきよのたみに　おほふかな,わがたつそまに　すみぞめのそで,おほけなく うきよのたみに おほふかな わがたつそまに すみぞめのそで,감히 (주제 넘게) 괴로운 세상의 백성들을 감싸주는구나. 내가 사는 산속에서 입고 있는 먹물 옷소매로. (→ 중으로서 세상을 구제하고자 하는 높은 뜻)
96,入道前太政大臣 (にゅうどうさきのだじょうだいじん),入道前太政大臣,花(はな)さそ(ふ)ー嵐(あらし)の庭(にわ)のー雪(ゆき)な(ら)ーでー <> ふ(りゆ)くーもの(はわ)ーわが身(み)な(り)ーけ(り),花さそふー嵐の庭のー雪ならーでー <> ふりゆくーものはーわが身なりーけり,はなさそふ　あらしのにはの　ゆきならで,ふりゆくものは　わがみなりけり,はなさそふ あらしのにはの ゆきならで ふりゆくものは わがみなりけり,"꽃을 부르는 거친 바람에 뜰에 내리는 눈이 아니라, (세월에) 늙어가는 것은 내 몸이로구나. (→ 꽃은 지고 다시 피지만 자신은 늙어가는 인생의 무상함)"
97,藤原定家 (ふじわらのていか),藤原定家,来(こ)ぬ人(ひと)をーまつほ(の)浦(うら)のー夕(ゆう)な(ぎ)ーにー <> 焼(や)く(や)ーも(しお)のー身(み)も(こが)れーつつ,来ぬ人をーまつほの浦のー夕なぎーにー <> 焼くやーもしおのー身もこがれーつつ,こぬひとを　まつほのうらの　ゆふなぎに,やくやもしほの　みもこがれつつ,こぬひとを まつほのうらの ゆふなぎに やくやもしほの みもこがれつつ,"오지 않는 임을 기다리는 마쓰호노우라(待つ*浦)의 저녁노을에, 해초를 굽는 소금처럼 내 몸도 타들어 가는구나. (→ 임을 기다리는 애타는 마음을 소금 굽는 연기에 비유, 말장난 이용)"
98,従二位家隆 (じゅにいえたか),従二位家隆,風(かぜ)そ(よ)ぐーなら(の)小川(おがわ)のー夕暮(ゆうぐれ)ーは(わ)ー <> みそ(ぎ)ぞー夏(なつ)のーしるし(な)りーけ(る),風そよぐーならの小川のー夕暮ーはー <> みそぎぞー夏のーしるしなーける,かぜそよぐ　ならのをがはの　ゆふぐれは,みそぎぞなつの　しるしなりける,かぜそよぐ ならのをがはの ゆふぐれは みそぎぞなつの しるしなりける,"바람이 살랑거리는 나라노오가와(楢の小川)의 저녁 무렵은, (차가운) 미소기(禊, 몸을 씻는 의식)만이 여름의 흔적이구나. (→ 여름에서 가을로 넘어가는 시원하고 고요한 분위기)"
99,後鳥羽院 (ごとばいん),後鳥羽院,人(ひと)も(お)しー人(ひと)もう(らめ)しーあぢ(ぢき)なーくー <> 世(よ)をー思(おも)ふーゆえ(え)にー物(もの)思(おも)ふー身(み)は(わ),人もおしー人も恨めしーあぢきなーくー <> 世をー思うーゆえにー物思うー身は,ひともをし　ひともうらめし　あぢきなく,よをおもふゆゑに　ものおもふみは,ひともをし ひともうらめし あぢきなく よをおもふゆゑに ものおもふみは,"사람도 사랑스럽고, 사람도 원망스럽다. 부질없이 세상을 생각하는 탓에 고뇌하는 이 몸은. (→ 세상사에 얽매여 느끼는 인간적인 애증과 고뇌)"
100,順徳院 (じゅんとくいん),順徳院,も(も)し(き)やー古(ふ)る(き)軒端(のきば)のーし(のぶ)に(も)ー <> な(ほ)おーあ(ま)り(あ)るー昔(むかし)な(り)ーけ(り),ももしきやー古き軒端のーしのぶにーもー <> なほーあまりあるー昔なりーけり,ももしきや　ふるきのきばの　しのぶにも,なほあまりある　むかしなりけり,ももしきや ふるきのきばの しのぶにも なほあまりある むかしなりけり,"궁궐 지붕에 돋아난 담쟁이덩굴(시노부, 忍ぶ)을 보며 (과거를) 회상하지만, 과거의 영광은 (그 회상만으로는) 다 담을 수 없을 만큼 웅대하구나. (→ 쇠퇴한 궁궐을 보며 지난날의 번영을 회상)"